{
  "configVersion": 1,
  "timestamp": 1733721598676,
  "index": "/index.html",
  "assetGroups": [
    {
      "name": "app",
      "installMode": "prefetch",
      "updateMode": "prefetch",
      "cacheQueryOptions": {
        "ignoreVary": true
      },
      "urls": [
        "/chunk-2JSSO22V.js",
        "/chunk-2MH762IG.js",
        "/chunk-2NWAMX5E.js",
        "/chunk-2PVH7H4N.js",
        "/chunk-2WNWRKHP.js",
        "/chunk-2XI4FGBG.js",
        "/chunk-323DK52X.js",
        "/chunk-3LAQC2CV.js",
        "/chunk-3TZHS7H3.js",
        "/chunk-4PGTP63H.js",
        "/chunk-5OFQOAG7.js",
        "/chunk-5OMUW5VI.js",
        "/chunk-5X4HMWFG.js",
        "/chunk-6KSCQQ4R.js",
        "/chunk-6LOCCBV7.js",
        "/chunk-6WVAXYTL.js",
        "/chunk-6Z5TQF5A.js",
        "/chunk-72KDLSWN.js",
        "/chunk-763SOLFT.js",
        "/chunk-7FVK2PMH.js",
        "/chunk-7LFA4OSE.js",
        "/chunk-7VSVCZ7D.js",
        "/chunk-AFE5BSZV.js",
        "/chunk-AMBWI5JL.js",
        "/chunk-BYVF34YA.js",
        "/chunk-C6TWYN5N.js",
        "/chunk-CN55WA6O.js",
        "/chunk-DE6VAODN.js",
        "/chunk-DS7YMGUK.js",
        "/chunk-DWY2VSI6.js",
        "/chunk-E6VMYF5N.js",
        "/chunk-EGUNJ7UD.js",
        "/chunk-F4OAYVNB.js",
        "/chunk-F7XBNY6P.js",
        "/chunk-FEDC37WZ.js",
        "/chunk-FERD25SW.js",
        "/chunk-FZXJ2BIE.js",
        "/chunk-G45DPY53.js",
        "/chunk-GJZKZXL4.js",
        "/chunk-GM45VBU6.js",
        "/chunk-GO4BZ3KS.js",
        "/chunk-GOWQWRZR.js",
        "/chunk-H3LWIMMD.js",
        "/chunk-HC6MZPB3.js",
        "/chunk-HMTYJH34.js",
        "/chunk-HPFMEVTU.js",
        "/chunk-HU6UQ5WL.js",
        "/chunk-I6KN7ZKG.js",
        "/chunk-IFNCDCK6.js",
        "/chunk-IRKXFNPB.js",
        "/chunk-IVPFXHRC.js",
        "/chunk-J6ICYO4L.js",
        "/chunk-JA4YOPRW.js",
        "/chunk-JE3FXFC3.js",
        "/chunk-JK36IXWE.js",
        "/chunk-JWIEPCRG.js",
        "/chunk-KJM5UOQT.js",
        "/chunk-L7HMGOTT.js",
        "/chunk-LCYOR3XY.js",
        "/chunk-LF5XB4YN.js",
        "/chunk-LFBX57BE.js",
        "/chunk-LQRKRCUL.js",
        "/chunk-LTIPSBNC.js",
        "/chunk-M2DGAI6B.js",
        "/chunk-MCRJI3T3.js",
        "/chunk-ME6YX4I7.js",
        "/chunk-MM5QLNJM.js",
        "/chunk-MXPF6MPY.js",
        "/chunk-MYHY6CPA.js",
        "/chunk-N3G77BVB.js",
        "/chunk-N5ERF6W3.js",
        "/chunk-NFVPOYKK.js",
        "/chunk-NOBXBGC3.js",
        "/chunk-NXNAN2JF.js",
        "/chunk-O7IQKH7E.js",
        "/chunk-OBQT5JFH.js",
        "/chunk-OBXDPQ3V.js",
        "/chunk-OF4RM3LL.js",
        "/chunk-OLRFWS6T.js",
        "/chunk-OMB27VJZ.js",
        "/chunk-OWTN5NMJ.js",
        "/chunk-P6LPS7SB.js",
        "/chunk-PDWFHSED.js",
        "/chunk-PZDFEKP3.js",
        "/chunk-Q35XO332.js",
        "/chunk-Q6OT3EKT.js",
        "/chunk-QPVVTFFW.js",
        "/chunk-RFH4OGVK.js",
        "/chunk-RPY5F4TE.js",
        "/chunk-SCG3U3NU.js",
        "/chunk-SGP2GGRN.js",
        "/chunk-SK667NKA.js",
        "/chunk-T7V3WQF7.js",
        "/chunk-TAX32GDL.js",
        "/chunk-TBDVO5PP.js",
        "/chunk-TFUW6ZOJ.js",
        "/chunk-THOTPDJI.js",
        "/chunk-TJ65RA6S.js",
        "/chunk-TKUNQDPO.js",
        "/chunk-U2OSVFA5.js",
        "/chunk-U7XM53EK.js",
        "/chunk-UAAM4GOM.js",
        "/chunk-UVHQOOAT.js",
        "/chunk-V3D3NROT.js",
        "/chunk-VF5FZTIH.js",
        "/chunk-VFZRLGVJ.js",
        "/chunk-VMZLVDF4.js",
        "/chunk-VNCJJGMV.js",
        "/chunk-VRA3AEKC.js",
        "/chunk-VSYQI75T.js",
        "/chunk-W5JZQFFI.js",
        "/chunk-WB5VN3BL.js",
        "/chunk-WII2PBVS.js",
        "/chunk-WKCDOBAC.js",
        "/chunk-WMEG6PAA.js",
        "/chunk-WP25N6H7.js",
        "/chunk-WPBEU3Z5.js",
        "/chunk-WZMLMOVE.js",
        "/chunk-X3DMHLEC.js",
        "/chunk-XUUKDWLF.js",
        "/chunk-XXCOBLPG.js",
        "/chunk-XYUJHKEP.js",
        "/chunk-YIOETKGQ.js",
        "/chunk-YQBO2WSO.js",
        "/chunk-YQFLKXB3.js",
        "/chunk-YXUQHN6G.js",
        "/chunk-Z2YJK5ET.js",
        "/chunk-ZLNWPDQX.js",
        "/chunk-ZOTSCB5T.js",
        "/chunk-ZSR2A7X7.js",
        "/index.html",
        "/main-4OGLR4PH.js",
        "/polyfills-4BK4MXU4.js",
        "/styles-TGFG4HD2.css"
      ],
      "patterns": []
    },
    {
      "name": "assets",
      "installMode": "lazy",
      "updateMode": "prefetch",
      "cacheQueryOptions": {
        "ignoreVary": true
      },
      "urls": [
        "/assets/icon/favicon.png",
        "/assets/shapes.svg",
        "/assets/task-icon.png",
        "/assets/user.png"
      ],
      "patterns": []
    }
  ],
  "dataGroups": [],
  "hashTable": {
    "/assets/icon/favicon.png": "7798b8e0eb61d7375c245af78bbf5c916932bf13",
    "/assets/shapes.svg": "5413e95adabcb2cb639970051f55e0ddb64ace53",
    "/assets/task-icon.png": "4c06e73abf52877191ebf2aeb2fac5f2dd960ff2",
    "/assets/user.png": "efd6e3a8e1a31e7b052f78181ad03912e24e84b0",
    "/chunk-2JSSO22V.js": "a553ab0a1961d6a6aae5b1cb6c91ffa9c2b60961",
    "/chunk-2MH762IG.js": "059bb9d0c963ed6b4dcaf17287a3ac68605cd20d",
    "/chunk-2NWAMX5E.js": "8f6627fe3a476262f562bf7adb9dd1e63cb4d453",
    "/chunk-2PVH7H4N.js": "1670e297e52820e868d053087499e4cc91e1bbe1",
    "/chunk-2WNWRKHP.js": "5bace97ce880cbc47b45986c875ac3d5781590e2",
    "/chunk-2XI4FGBG.js": "522a96de6d4f5981715591e206dfe96d360d337e",
    "/chunk-323DK52X.js": "d0c9e595ece69065dc9857ede8cd064395053966",
    "/chunk-3LAQC2CV.js": "b821e29352a4caa7a9c48477b547ebbf48dda22c",
    "/chunk-3TZHS7H3.js": "c45485664e5fecac02dfefcc370013cc8852f8b0",
    "/chunk-4PGTP63H.js": "5a53143f9c8f4a233bbfefe0a6ccd578e81d0d44",
    "/chunk-5OFQOAG7.js": "7725cdb326eae9e76a344df63e5c4a366801b7a3",
    "/chunk-5OMUW5VI.js": "a5da3700ff2e0bac0a86cd60b14230ba02051c11",
    "/chunk-5X4HMWFG.js": "637e8d413bb1c292a5bfe547d31561915dc83e4e",
    "/chunk-6KSCQQ4R.js": "90a55bbe9ee22efe875a3186ec2d3c473c4b2848",
    "/chunk-6LOCCBV7.js": "9efce97ebc2ae1faefd173683f934dfe8f10f06b",
    "/chunk-6WVAXYTL.js": "614481e7b100ab0ce7d5e6327cf280d077f3df74",
    "/chunk-6Z5TQF5A.js": "995cde1ac2bdc9f6b7275b1f3ae61c647b279741",
    "/chunk-72KDLSWN.js": "2727b401ab438ce302fb3363a05280bd40ae23cc",
    "/chunk-763SOLFT.js": "0759903d2a51a61ebac252028b9fbe24e515902b",
    "/chunk-7FVK2PMH.js": "f7f964527610d3b5c956d3f9a186cb922005f0d6",
    "/chunk-7LFA4OSE.js": "ff35a9384cc45925a2d1436d8829bbff54fe64e2",
    "/chunk-7VSVCZ7D.js": "9e30195ad097d196c078f554a2965eb758d96e70",
    "/chunk-AFE5BSZV.js": "784d5ef1a186d66fd3f370b643a48e74bc9a71ea",
    "/chunk-AMBWI5JL.js": "49443e58ab4c6a23bf95d2128283ad4777b337c6",
    "/chunk-BYVF34YA.js": "25359d2b6b6675034d5ba347c6fa002824788433",
    "/chunk-C6TWYN5N.js": "45a62d80ab6dfeea649af8231a29943d7fd6bbca",
    "/chunk-CN55WA6O.js": "5af2355467653a584a6b33567662009c539195c3",
    "/chunk-DE6VAODN.js": "5ca168597c660ba44a2c392598469858115fcb66",
    "/chunk-DS7YMGUK.js": "22163ef86357608ad91a22e822d76516dc679474",
    "/chunk-DWY2VSI6.js": "aae8f59b54a73b8d3433c3c18c6b44c6c14a4bea",
    "/chunk-E6VMYF5N.js": "13e07d224d1f14d30c30a74ec127df17ef2c5526",
    "/chunk-EGUNJ7UD.js": "2840956ca90c88e5e219670d3736b420966f4de1",
    "/chunk-F4OAYVNB.js": "76c5b05bd81f27bb742f733cabff8b977511a807",
    "/chunk-F7XBNY6P.js": "f8aa0d06431c3ca3e5a7aa7435cfbea110325570",
    "/chunk-FEDC37WZ.js": "6253b8488fb2d7044270dd94be182477e9b8ae51",
    "/chunk-FERD25SW.js": "82c23934722067a959d846800b1d27ab73a4cb69",
    "/chunk-FZXJ2BIE.js": "f9f48dd4fbb311ffd96abde27f9a77a59ea9b796",
    "/chunk-G45DPY53.js": "5aa4660d965b48be1bae4bacfa42fe46d9dbaf4e",
    "/chunk-GJZKZXL4.js": "27ca889a1a8ce9c98bae8853afda2496b2df5084",
    "/chunk-GM45VBU6.js": "c6c1e39b38152901c687a9f96be681e9604b87ef",
    "/chunk-GO4BZ3KS.js": "df81461fc3ca5fe4fe297d31003c46fc26e2963b",
    "/chunk-GOWQWRZR.js": "2e65111b67119b29f6c276cb858efa3cbd1d46c9",
    "/chunk-H3LWIMMD.js": "dc4ded19f0170fface1cbe715b1bb173cf69053d",
    "/chunk-HC6MZPB3.js": "3d8b0e78a6fe064a4c882a0599f7bc6a91502b47",
    "/chunk-HMTYJH34.js": "73a9fe9fdfc21274bc12d63838140686823c529a",
    "/chunk-HPFMEVTU.js": "670b6a9fde9b7d484e24ca4709b6d43c71c32329",
    "/chunk-HU6UQ5WL.js": "bd8555d0076b85b3d3a26838640c2552f09e188e",
    "/chunk-I6KN7ZKG.js": "6550b89a83e99e0fac44e099770c0d88481441f6",
    "/chunk-IFNCDCK6.js": "a7ce01f4205ce5ffb288071f1ad4069acc76c8f2",
    "/chunk-IRKXFNPB.js": "4cdc93205f8b44ae042fa6b3bd7b1f3acf8a8cb0",
    "/chunk-IVPFXHRC.js": "9308f183a4517ca77fac83206bb6efc629af2896",
    "/chunk-J6ICYO4L.js": "4c882dddf614ea8004c9d32e2335adba14bbb683",
    "/chunk-JA4YOPRW.js": "a485890ea6912ffd73565561ab6717c2b8a7eb7b",
    "/chunk-JE3FXFC3.js": "76a826f5595a52ecc520023903e00e217369874e",
    "/chunk-JK36IXWE.js": "8c5de9c19212936247a549a8022e6a4fbd952602",
    "/chunk-JWIEPCRG.js": "104ff638d87da5f2536325165739ff022630bb21",
    "/chunk-KJM5UOQT.js": "f83ca5322add28da136c894db173949ff5a1db2f",
    "/chunk-L7HMGOTT.js": "72b0f5e59d290c0e744df9f4b1cfa106963ecbb9",
    "/chunk-LCYOR3XY.js": "a5a8176c0942d819314a045f0e6a17260ef2f364",
    "/chunk-LF5XB4YN.js": "9a4312a44cc8ab8573488a48a18c01a6bb352c6b",
    "/chunk-LFBX57BE.js": "56ac74a725ebb999c9d934af6688266377749144",
    "/chunk-LQRKRCUL.js": "7d74c321a90a3b230272e144869edd7e39d3f0c6",
    "/chunk-LTIPSBNC.js": "aa7fdd61d9756ad0a8136c57b64943af909b0e8e",
    "/chunk-M2DGAI6B.js": "d11f537186b6eafacddf83e6c73c46536a9f0c58",
    "/chunk-MCRJI3T3.js": "9a4312a44cc8ab8573488a48a18c01a6bb352c6b",
    "/chunk-ME6YX4I7.js": "0c113983a37b96f7bf88dc1a7ecb94eabb7ae28d",
    "/chunk-MM5QLNJM.js": "565ca77d12ec1cc1f7a733a9371b32d0d575d800",
    "/chunk-MXPF6MPY.js": "e2bba89a9e28f026c8fb5d7aa5f7e794b573154c",
    "/chunk-MYHY6CPA.js": "eeb58665a95101eb62971509b7e9e8fd26f087a7",
    "/chunk-N3G77BVB.js": "447dc3a6df5672f229838073b07a055f2a910e03",
    "/chunk-N5ERF6W3.js": "13a73409843b71465922b235f32e54678eeb2480",
    "/chunk-NFVPOYKK.js": "ece71bd58eb27170bf05f90ea0cefbe3ec2c608b",
    "/chunk-NOBXBGC3.js": "9f5de855ca38d60169d5ce0e93a827e02e0b4068",
    "/chunk-NXNAN2JF.js": "3d7e7942a72529bfbaa1dd2f84c6e20cc2ee9372",
    "/chunk-O7IQKH7E.js": "38e03a21061cd4c1168a16f8114572ef83f83181",
    "/chunk-OBQT5JFH.js": "252ff355542b1c1c93488d51cc0b57de30a6fa22",
    "/chunk-OBXDPQ3V.js": "b9f98a370e268e3ec02471efe53af42a11782fb6",
    "/chunk-OF4RM3LL.js": "b90ab3ebdeaf4a638d97eee8f8b0aca609a651ce",
    "/chunk-OLRFWS6T.js": "dcfa3e0aef473aafa21e212cffc39187f66027db",
    "/chunk-OMB27VJZ.js": "aab49b7d135e3c8985341714c4b6c51be00cbade",
    "/chunk-OWTN5NMJ.js": "c001d45b7383f1eaa1619155deade65fd49f2c72",
    "/chunk-P6LPS7SB.js": "df664dd49c23325b8146c9077bcb9c9ab0888bfd",
    "/chunk-PDWFHSED.js": "ed163465ff1ff6d2ae67edad7c8a5a5f7bb7eade",
    "/chunk-PZDFEKP3.js": "bfc7fdaa364665728263e28d949bc4b34d5d7e8c",
    "/chunk-Q35XO332.js": "9ffc34acb869c08e56649822d1366d73f0f5c17f",
    "/chunk-Q6OT3EKT.js": "f0e39045566497ce153b2a0a2cbf1300c51d22d2",
    "/chunk-QPVVTFFW.js": "37dcfe3f11786beac0b8e8618fcc015479b66356",
    "/chunk-RFH4OGVK.js": "fd24ff7dd68ca306ca1cc9c021e55ff669559db8",
    "/chunk-RPY5F4TE.js": "4f84fa36fd156115c3ffbf2fb1fda404bb35de77",
    "/chunk-SCG3U3NU.js": "73d7745c5914628e625803066f6ed7abe8ee40d5",
    "/chunk-SGP2GGRN.js": "b7ae51dff2a6da393a5ff3e31fe581ed77c20441",
    "/chunk-SK667NKA.js": "040439b8896ff55f084b1bb2dd413fbb94b28f2f",
    "/chunk-T7V3WQF7.js": "eb7d97fc2ad852dffcc9b5421f2075f70a061a6f",
    "/chunk-TAX32GDL.js": "b468a3acc26f5b92a6c34c60a70be9ec13089f4b",
    "/chunk-TBDVO5PP.js": "7b354e5bd6b4f9c5d75db11a41789c42377d322c",
    "/chunk-TFUW6ZOJ.js": "dd0a03e92d86f4ecdab1412c6921ec194e0dad78",
    "/chunk-THOTPDJI.js": "57290ed1aa4993da5d4ada6f5971903a6c75278a",
    "/chunk-TJ65RA6S.js": "fcd3d81b9f21f236927e4cea639cf2827bc41f8d",
    "/chunk-TKUNQDPO.js": "cde53c85a9fd09c3874dfdb5a7711a016530dff4",
    "/chunk-U2OSVFA5.js": "131a7aea98450c00023e8ba4216aaa5735ea736a",
    "/chunk-U7XM53EK.js": "df875f9726a0a27d06b1dd3164dbd41d8bb59242",
    "/chunk-UAAM4GOM.js": "d997dc43a07be3e9f4f9cb382e8433dd25a9b886",
    "/chunk-UVHQOOAT.js": "bdd5bb1dda4f661b0b2a03d216be91d2478c55e2",
    "/chunk-V3D3NROT.js": "36fb68d9070068eca1228b3f6b4139ad3545ef91",
    "/chunk-VF5FZTIH.js": "f03d9e269293f51c8f2ba1951a9f2c92f2a76f0b",
    "/chunk-VFZRLGVJ.js": "45e174b3d708ef18af98c8e69f18039c457cbeda",
    "/chunk-VMZLVDF4.js": "f0fa964162b87d46903f7d7a412a7a20b5a62962",
    "/chunk-VNCJJGMV.js": "77da54f3599edaf9407fd1723334e9a886362528",
    "/chunk-VRA3AEKC.js": "e148d19dbf3f2969fa388c858135deb478f466d0",
    "/chunk-VSYQI75T.js": "49b89f2561e50cb7867546270cc20ca0451c2cf3",
    "/chunk-W5JZQFFI.js": "1103e1b906c4e3677e401956338f22312f350b5a",
    "/chunk-WB5VN3BL.js": "6ebf1af72c852337bf39e26175c725c3fc7b6469",
    "/chunk-WII2PBVS.js": "4083df006dcb934fde5d7aba2eb2c4d4bcc61389",
    "/chunk-WKCDOBAC.js": "822fd35ea4613a97691f9c0df24b378cbcbe50bb",
    "/chunk-WMEG6PAA.js": "62921a73225ecbaa97d351c06b87671b73abb380",
    "/chunk-WP25N6H7.js": "f299fc75032df1eb28425fce238d09baba54162e",
    "/chunk-WPBEU3Z5.js": "85d433aa5802036d20afb212c1d45a06269320c8",
    "/chunk-WZMLMOVE.js": "664bb39f83c2de7fd14583619487b279ce2e2e83",
    "/chunk-X3DMHLEC.js": "48866d2093a60fa90608805b39764e6642a6a3d3",
    "/chunk-XUUKDWLF.js": "38ea7fa696a7ee5468b82285f9ff7a98573dd242",
    "/chunk-XXCOBLPG.js": "d42682f2905c883c8e5e171d4c98da9b25c6d2d5",
    "/chunk-XYUJHKEP.js": "a9676ced914bcec3ce2e746a14a276d27b26f615",
    "/chunk-YIOETKGQ.js": "7790b1c84c5cbd941820b98186560eebc3fbee26",
    "/chunk-YQBO2WSO.js": "c29d359a3bdb8959928ff517e7937305e5835aa8",
    "/chunk-YQFLKXB3.js": "44886ae0cf0746c624fb758ff6ec8fd76b2abf26",
    "/chunk-YXUQHN6G.js": "5905680dfbc76982eef32b8afd64e977b0403358",
    "/chunk-Z2YJK5ET.js": "24c2e1a08b80c2c379db92fdf31a555d68c9a011",
    "/chunk-ZLNWPDQX.js": "253c47ccd4e85e37773179b2bf31e576c89fe7ec",
    "/chunk-ZOTSCB5T.js": "66e5e99bdf00e2516d18cbe9b5a79be35d7a7cb5",
    "/chunk-ZSR2A7X7.js": "ebd579788aa245205507bb5c21dbb96621c85a97",
    "/index.html": "2fd5eb4acac999980204d142dbcc1502d1e81a3f",
    "/main-4OGLR4PH.js": "04aadf84f2df471dfaa6ce6320b1f64dffc2aae7",
    "/polyfills-4BK4MXU4.js": "7c4f227d903e5f73f74de3a6b4c92540577323fc",
    "/styles-TGFG4HD2.css": "94edc54386df3bae1fbf674b5f85a27791c8ff2c"
  },
  "navigationUrls": [
    {
      "positive": true,
      "regex": "^\\/.*$"
    },
    {
      "positive": false,
      "regex": "^\\/(?:.+\\/)?[^/]*\\.[^/]*$"
    },
    {
      "positive": false,
      "regex": "^\\/(?:.+\\/)?[^/]*__[^/]*$"
    },
    {
      "positive": false,
      "regex": "^\\/(?:.+\\/)?[^/]*__[^/]*\\/.*$"
    }
  ],
  "navigationRequestStrategy": "performance"
}